<?xml version="1.0" encoding="UTF-8"?>
<Configuration status="WARN">
	<Appenders>
		<Console name="Console" target="SYSTEM_OUT">
			<PatternLayout disableAnsi="false"
                pattern="%style{%d{ISO8601}}{black} %highlight{%-5level }[%style{%t}{bright,blue}] %style{%X{requestid}}{bright,red} %style{%C{1.}}{bright,red}: %msg%n%throwable" />
		</Console>
		<RollingFile name="RollingFile"
            fileName="c://work/logs/arms-logger-log4j2.log"
            filePattern="c://work/logs/$${date:yyyy-MM}/arms-logger-log4j2-%d{-dd-MMMM-yyyy}-%i.log.gz">
             <PatternLayout>
                <pattern>%d %p %C{1.} [%t] %X %m%n</pattern>
            </PatternLayout>
            <Policies>
               <!--rollover on startup, daily and when the file reaches 10 MegaBytes-->
                <OnStartupTriggeringPolicy />
                <SizeBasedTriggeringPolicy
                    size="10 MB" />
                <TimeBasedTriggeringPolicy />
            </Policies>
        </RollingFile>
	</Appenders>
	<Loggers>
		<Root level="info">
			<AppenderRef ref="Console"></AppenderRef>
			<AppenderRef ref="RollingFile" ></AppenderRef>
		</Root>
		<Logger name="com.att.arms" level="info"></Logger>
	</Loggers>

</Configuration>