[
 {
  "Segment": "ACB",
  "Description": "ACC Business",
  "Segment Group": "UNK",
  "Business Unit": "OMB",
  "Exclude WebTAXI Flag": null
 },
 {
  "Segment": "ACC",
  "Description": "ACC - ACC portfolio",
  "Segment Group": "RTL",
  "Business Unit": "UNK",
  "Exclude WebTAXI Flag": null
 },
 {
  "Segment": "AFD",
  "Description": "AFD - Alascom Federal",
  "Segment Group": "RTL",
  "Business Unit": "PIA",
  "Exclude WebTAXI Flag": null
 },
 {
  "Segment": "AFH",
  "Description": "AFH - ACUS Finals Huntsville",
  "Segment Group": "RTL",
  "Business Unit": "HSV",
  "Exclude WebTAXI Flag": null
 },
 {
  "Segment": "AKM",
  "Description": "AKM - Alascom AK00",
  "Segment Group": "RTL",
  "Business Unit": "PIA",
  "Exclude WebTAXI Flag": null
 },
 {
  "Segment": "ANC",
  "Description": "ANC - T Legacy ANC System",
  "Segment Group": "WHL",
  "Business Unit": "TWH",
  "Exclude WebTAXI Flag": null
 },
 {
  "Segment": "APX",
  "Description": "APX - APEX",
  "Segment Group": "WHL",
  "Business Unit": "ASC",
  "Exclude WebTAXI Flag": null
 },
 {
  "Segment": "ARC",
  "Description": "ARC - CPE Web Arc",
  "Segment Group": "RTL",
  "Business Unit": "PIA",
  "Exclude WebTAXI Flag": null
 },
 {
  "Segment": "ASE",
  "Description": "ACC Switched Ethernet Service",
  "Segment Group": "RTL",
  "Business Unit": "OMB",
  "Exclude WebTAXI Flag": null
 },
 {
  "Segment": "AWH",
  "Description": "AWH - Alascom Wholesale",
  "Segment Group": "WHL",
  "Business Unit": "TWH",
  "Exclude WebTAXI Flag": null
 },
 {
  "Segment": "BFN",
  "Description": "BFN - Affiliate Small Business",
  "Segment Group": "RTL",
  "Business Unit": "NSH",
  "Exclude WebTAXI Flag": null
 },
 {
  "Segment": "BLN",
  "Description": "BLN - Small Business",
  "Segment Group": "WHL",
  "Business Unit": "NSH",
  "Exclude WebTAXI Flag": null
 },
 {
  "Segment": "BUK",
  "Description": "BUK - Telegence LD Busineess Default",
  "Segment Group": "RTL",
  "Business Unit": "TLD",
  "Exclude WebTAXI Flag": null
 },
 {
  "Segment": "CAP",
  "Description": "CAP-Competitive Access Provider",
  "Segment Group": "WHL",
  "Business Unit": "ASC",
  "Exclude WebTAXI Flag": null
 },
 {
  "Segment": "CFM",
  "Description": "CFM - T Legacy CFM system",
  "Segment Group": "WHL",
  "Business Unit": "TWH",
  "Exclude WebTAXI Flag": null
 },
 {
  "Segment": "CIA",
  "Description": "CIA - T legacy CIA System",
  "Segment Group": "WHL",
  "Business Unit": "TWH",
  "Exclude WebTAXI Flag": null
 },
 {
  "Segment": "CMC",
  "Description": "CMC-Cellular",
  "Segment Group": "WHL",
  "Business Unit": "ASC",
  "Exclude WebTAXI Flag": null
 },
 {
  "Segment": "CNS",
  "Description": "CNS - Telegence LD Consumer",
  "Segment Group": "RTL",
  "Business Unit": "TLD",
  "Exclude WebTAXI Flag": null
 },
 {
  "Segment": "COL",
  "Description": "COL-Collocation",
  "Segment Group": "WHL",
  "Business Unit": "COL",
  "Exclude WebTAXI Flag": null
 },
 {
  "Segment": "CPE",
  "Description": "CPE - CFM CPE",
  "Segment Group": "RTL",
  "Business Unit": "PIA",
  "Exclude WebTAXI Flag": null
 },
 {
  "Segment": "CPO",
  "Description": "CPO - Combined Platform Offering",
  "Segment Group": "WHL",
  "Business Unit": "LSC",
  "Exclude WebTAXI Flag": null
 },
 {
  "Segment": "CRP",
  "Description": "CRP - Telegence Mobility",
  "Segment Group": "RTL",
  "Business Unit": "MBL",
  "Exclude WebTAXI Flag": null
 },
 {
  "Segment": "CSN",
  "Description": "CSN - Small Business",
  "Segment Group": "RTL",
  "Business Unit": "NSH",
  "Exclude WebTAXI Flag": null
 },
 {
  "Segment": "CTX",
  "Description": "CTX - Centrex",
  "Segment Group": "WHL",
  "Business Unit": "LSC",
  "Exclude WebTAXI Flag": null
 },
 {
  "Segment": "DCS",
  "Description": "DCS - T Legacy DCS System",
  "Segment Group": "WHL",
  "Business Unit": "TWH",
  "Exclude WebTAXI Flag": null
 },
 {
  "Segment": "DTV",
  "Description": "DTV - NC0 Accts",
  "Segment Group": "RTL",
  "Business Unit": "PIA",
  "Exclude WebTAXI Flag": null
 },
 {
  "Segment": "ESH",
  "Description": "ESH - Essential Services",
  "Segment Group": "RTL",
  "Business Unit": "HSV",
  "Exclude WebTAXI Flag": null
 },
 {
  "Segment": "ESN",
  "Description": "ESN - Essential Services",
  "Segment Group": "RTL",
  "Business Unit": "NSH",
  "Exclude WebTAXI Flag": null
 },
 {
  "Segment": "EXE",
  "Description": "EXE - T Legacy Excubill System",
  "Segment Group": "RTL",
  "Business Unit": "PIA",
  "Exclude WebTAXI Flag": null
 },
 {
  "Segment": "FCL",
  "Description": "FCL - Facilities",
  "Segment Group": "WHL",
  "Business Unit": "LSC",
  "Exclude WebTAXI Flag": null
 },
 {
  "Segment": "FDG",
  "Description": "FDG Telegence Mobility",
  "Segment Group": "RTL",
  "Business Unit": "MBL",
  "Exclude WebTAXI Flag": null
 },
 {
  "Segment": "FED",
  "Description": "FED - GES Federal",
  "Segment Group": "RTL",
  "Business Unit": "PIA",
  "Exclude WebTAXI Flag": null
 },
 {
  "Segment": "FMS",
  "Description": "FMS - FG00 Managed Services",
  "Segment Group": "RTL",
  "Business Unit": "PIA",
  "Exclude WebTAXI Flag": null
 },
 {
  "Segment": "FUV",
  "Description": "FUV - Federal UVerse",
  "Segment Group": "RTL",
  "Business Unit": "PIA",
  "Exclude WebTAXI Flag": null
 },
 {
  "Segment": "GEH",
  "Description": "GEH - New Segment Code",
  "Segment Group": "RTL",
  "Business Unit": "HSV",
  "Exclude WebTAXI Flag": null
 },
 {
  "Segment": "GEM",
  "Description": "GEM Telegence Mobility",
  "Segment Group": "RTL",
  "Business Unit": "MBL",
  "Exclude WebTAXI Flag": null
 },
 {
  "Segment": "GEN",
  "Description": "GEN - New Segment Code",
  "Segment Group": "RTL",
  "Business Unit": "NSH",
  "Exclude WebTAXI Flag": null
 },
 {
  "Segment": "GFH",
  "Description": "GFH - New Segment Code",
  "Segment Group": "RTL",
  "Business Unit": "HSV",
  "Exclude WebTAXI Flag": null
 },
 {
  "Segment": "GFN",
  "Description": "GFN - New Segment Code",
  "Segment Group": "RTL",
  "Business Unit": "NSH",
  "Exclude WebTAXI Flag": null
 },
 {
  "Segment": "GGE",
  "Description": "GGE - SBS GEM Govt Educ",
  "Segment Group": "RTL",
  "Business Unit": "MSP",
  "Exclude WebTAXI Flag": null
 },
 {
  "Segment": "GGT",
  "Description": "GGT - T Legacy GGE SBS GEM Govt Educ",
  "Segment Group": "RTL",
  "Business Unit": "MSP",
  "Exclude WebTAXI Flag": null
 },
 {
  "Segment": "GHH",
  "Description": "GHH - New Segment Code",
  "Segment Group": "RTL",
  "Business Unit": "HSV",
  "Exclude WebTAXI Flag": null
 },
 {
  "Segment": "GHN",
  "Description": "GHN - New Segment Code",
  "Segment Group": "RTL",
  "Business Unit": "NSH",
  "Exclude WebTAXI Flag": null
 },
 {
  "Segment": "GLS",
  "Description": "GLS - GES Global Services",
  "Segment Group": "RTL",
  "Business Unit": "MSP",
  "Exclude WebTAXI Flag": null
 },
 {
  "Segment": "GMH",
  "Description": "GMH - SBS GEM Med Health",
  "Segment Group": "RTL",
  "Business Unit": "MSP",
  "Exclude WebTAXI Flag": null
 },
 {
  "Segment": "IBI",
  "Description": "IBI-IBIS non Pole Conduit accounts",
  "Segment Group": "WHL",
  "Business Unit": "TWH",
  "Exclude WebTAXI Flag": null
 },
 {
  "Segment": "IPX",
  "Description": "IPX - APEX",
  "Segment Group": "WHL",
  "Business Unit": "IRC",
  "Exclude WebTAXI Flag": null
 },
 {
  "Segment": "ISP",
  "Description": "ISP-Internet Service Provider",
  "Segment Group": "UNK",
  "Business Unit": "UNK",
  "Exclude WebTAXI Flag": null
 },
 {
  "Segment": "IXC",
  "Description": "IXC-Long Distance",
  "Segment Group": "WHL",
  "Business Unit": "ASC",
  "Exclude WebTAXI Flag": null
 },
 {
  "Segment": "JDE",
  "Description": "JDE - T Legacy JDE System",
  "Segment Group": "RTL",
  "Business Unit": "PIA",
  "Exclude WebTAXI Flag": null
 },
 {
  "Segment": "LDH",
  "Description": "LDH - (LED) Local and Education",
  "Segment Group": "RTL",
  "Business Unit": "HSV",
  "Exclude WebTAXI Flag": null
 },
 {
  "Segment": "LDN",
  "Description": "LDN - (LED) Local and Education",
  "Segment Group": "RTL",
  "Business Unit": "NSH",
  "Exclude WebTAXI Flag": null
 },
 {
  "Segment": "LIP",
  "Description": "LIP - LSB IPOC",
  "Segment Group": "WHL",
  "Business Unit": "TWH",
  "Exclude WebTAXI Flag": null
 },
 {
  "Segment": "LMS",
  "Description": "LMS - LSB Miscellaneous",
  "Segment Group": "WHL",
  "Business Unit": "TWH",
  "Exclude WebTAXI Flag": null
 },
 {
  "Segment": "LOC",
  "Description": "LOC - T Local ",
  "Segment Group": "WHL",
  "Business Unit": "TWH",
  "Exclude WebTAXI Flag": null
 },
 {
  "Segment": "LPC",
  "Description": "LPC - LSB Pole & Conduit",
  "Segment Group": "WHL",
  "Business Unit": "TWH",
  "Exclude WebTAXI Flag": null
 },
 {
  "Segment": "LPX",
  "Description": "LPX - APEX",
  "Segment Group": "WHL",
  "Business Unit": "LSC",
  "Exclude WebTAXI Flag": null
 },
 {
  "Segment": "LWC",
  "Description": "LWC - Local Wholesale Complete",
  "Segment Group": "WHL",
  "Business Unit": "LSC",
  "Exclude WebTAXI Flag": null
 },
 {
  "Segment": "MGS",
  "Description": "MGS - EQ00 Managed Services",
  "Segment Group": "RTL",
  "Business Unit": "PIA",
  "Exclude WebTAXI Flag": null
 },
 {
  "Segment": "MIS",
  "Description": "MIS CFM MOB Mngd In-Bldg Sol",
  "Segment Group": "RTL",
  "Business Unit": "MBL",
  "Exclude WebTAXI Flag": null
 },
 {
  "Segment": "MLB",
  "Description": "MLB - MSP Large Business",
  "Segment Group": "RTL",
  "Business Unit": "MSP",
  "Exclude WebTAXI Flag": null
 },
 {
  "Segment": "MON",
  "Description": "MON-Monitoring",
  "Segment Group": "UNK",
  "Business Unit": "UNK",
  "Exclude WebTAXI Flag": null
 },
 {
  "Segment": "MSB",
  "Description": "MSB-Mixed Service BAN",
  "Segment Group": "UNK",
  "Business Unit": "MSP",
  "Exclude WebTAXI Flag": null
 },
 {
  "Segment": "OOR",
  "Description": "OOR - Out of Region ASC",
  "Segment Group": "WHL",
  "Business Unit": "ASC",
  "Exclude WebTAXI Flag": null
 },
 {
  "Segment": "ORC",
  "Description": "ORC - Out of Region IRC",
  "Segment Group": "WHL",
  "Business Unit": "IRC",
  "Exclude WebTAXI Flag": null
 },
 {
  "Segment": "PCB",
  "Description": "PEO-CONV BILLS",
  "Segment Group": "RTL",
  "Business Unit": "PIA",
  "Exclude WebTAXI Flag": null
 },
 {
  "Segment": "PCD",
  "Description": "PCD - IBIS Pole Conduit accounts",
  "Segment Group": "WHL",
  "Business Unit": "TWH",
  "Exclude WebTAXI Flag": null
 },
 {
  "Segment": "PCG",
  "Description": "PCG - GES Premier Client Group",
  "Segment Group": "RTL",
  "Business Unit": "MSP",
  "Exclude WebTAXI Flag": null
 },
 {
  "Segment": "PCP",
  "Description": "PCP - GES Premier Client Group Platinum ",
  "Segment Group": "RTL",
  "Business Unit": "MSP",
  "Exclude WebTAXI Flag": null
 },
 {
  "Segment": "PGG",
  "Description": "PGG-Paging",
  "Segment Group": "WHL",
  "Business Unit": "ASC",
  "Exclude WebTAXI Flag": null
 },
 {
  "Segment": "PIC",
  "Description": "PIC-Primary Interexchange Carrier",
  "Segment Group": "WHL",
  "Business Unit": "ASC",
  "Exclude WebTAXI Flag": null
 },
 {
  "Segment": "PRA",
  "Description": "PRA - Puerto Rico Account",
  "Segment Group": "WHL",
  "Business Unit": "TWH",
  "Exclude WebTAXI Flag": null
 },
 {
  "Segment": "PRR",
  "Description": "PRR Telegence Mobility",
  "Segment Group": "RTL",
  "Business Unit": "MBL",
  "Exclude WebTAXI Flag": null
 },
 {
  "Segment": "PSA",
  "Description": "PSA - MSP Pooled Accounts",
  "Segment Group": "RTL",
  "Business Unit": "MSP",
  "Exclude WebTAXI Flag": null
 },
 {
  "Segment": "PSN",
  "Description": "PSN - POOLED SALES NOTICE",
  "Segment Group": "RTL",
  "Business Unit": "MSP",
  "Exclude WebTAXI Flag": null
 },
 {
  "Segment": "PSP",
  "Description": "PSP-Payphone Service Provider",
  "Segment Group": "WHL",
  "Business Unit": "IRC",
  "Exclude WebTAXI Flag": null
 },
 {
  "Segment": "RAF",
  "Description": "RAF - WSC Affiliate",
  "Segment Group": "WHL",
  "Business Unit": "IRC",
  "Exclude WebTAXI Flag": null
 },
 {
  "Segment": "RCB",
  "Description": "RCB - WSC Cable",
  "Segment Group": "WHL",
  "Business Unit": "IRC",
  "Exclude WebTAXI Flag": null
 },
 {
  "Segment": "RCR",
  "Description": "RCR - WSC Default",
  "Segment Group": "WHL",
  "Business Unit": "IRC",
  "Exclude WebTAXI Flag": null
 },
 {
  "Segment": "REM",
  "Description": "REM - Emerging Mkt",
  "Segment Group": "WHL",
  "Business Unit": "IRC",
  "Exclude WebTAXI Flag": null
 },
 {
  "Segment": "RSI",
  "Description": "RSI - System Integrator",
  "Segment Group": "WHL",
  "Business Unit": "IRC",
  "Exclude WebTAXI Flag": null
 },
 {
  "Segment": "RSL",
  "Description": "RSL-Resale",
  "Segment Group": "WHL",
  "Business Unit": "LSC",
  "Exclude WebTAXI Flag": null
 },
 {
  "Segment": "RT2",
  "Description": "RT2 - WSC Tier 2",
  "Segment Group": "WHL",
  "Business Unit": "IRC",
  "Exclude WebTAXI Flag": null
 },
 {
  "Segment": "RWR",
  "Description": "RWR - WSC Wireless",
  "Segment Group": "WHL",
  "Business Unit": "IRC",
  "Exclude WebTAXI Flag": null
 },
 {
  "Segment": "RXC",
  "Description": "RXC - WSC Interexchange Carrier",
  "Segment Group": "WHL",
  "Business Unit": "IRC",
  "Exclude WebTAXI Flag": null
 },
 {
  "Segment": "SBC",
  "Description": "SBC - SPEC BILLS CIRCUITS",
  "Segment Group": "RTL",
  "Business Unit": "PIA",
  "Exclude WebTAXI Flag": null
 },
 {
  "Segment": "SBD",
  "Description": "SBD - SPEC BILLS DISTRIBUTOR",
  "Segment Group": "RTL",
  "Business Unit": "PIA",
  "Exclude WebTAXI Flag": null
 },
 {
  "Segment": "SBH",
  "Description": "SBH - SPEC BILLS HSP",
  "Segment Group": "RTL",
  "Business Unit": "PIA",
  "Exclude WebTAXI Flag": null
 },
 {
  "Segment": "SBJ",
  "Description": "SBJ - SPEC BILLS SBNI",
  "Segment Group": "RTL",
  "Business Unit": "PIA",
  "Exclude WebTAXI Flag": null
 },
 {
  "Segment": "SBL",
  "Description": "SBL - SPEC BILLS LISTINGS",
  "Segment Group": "RTL",
  "Business Unit": "PIA",
  "Exclude WebTAXI Flag": null
 },
 {
  "Segment": "SBM",
  "Description": "SBM - West SPEC BILLS",
  "Segment Group": "RTL",
  "Business Unit": "PIA",
  "Exclude WebTAXI Flag": null
 },
 {
  "Segment": "SBN",
  "Description": "SBN - SPEC BILLS CALL NOTES",
  "Segment Group": "RTL",
  "Business Unit": "PIA",
  "Exclude WebTAXI Flag": null
 },
 {
  "Segment": "SBO",
  "Description": "SBO - SPEC BILLS OEM",
  "Segment Group": "RTL",
  "Business Unit": "PIA",
  "Exclude WebTAXI Flag": null
 },
 {
  "Segment": "SBU",
  "Description": "SBU Telegence Mobility",
  "Segment Group": "RTL",
  "Business Unit": "MBL",
  "Exclude WebTAXI Flag": null
 },
 {
  "Segment": "SBV",
  "Description": "SBV - SPEC BILLS VAR",
  "Segment Group": "RTL",
  "Business Unit": "PIA",
  "Exclude WebTAXI Flag": null
 },
 {
  "Segment": "SBZ",
  "Description": "SBZ - SPEC BILLS ZZO",
  "Segment Group": "RTL",
  "Business Unit": "PIA",
  "Exclude WebTAXI Flag": null
 },
 {
  "Segment": "SCG",
  "Description": "SCG - GES Signature Client Group",
  "Segment Group": "RTL",
  "Business Unit": "PIA",
  "Exclude WebTAXI Flag": null
 },
 {
  "Segment": "SDN",
  "Description": "SDN - T Legacy SDN System",
  "Segment Group": "WHL",
  "Business Unit": "TWH",
  "Exclude WebTAXI Flag": null
 },
 {
  "Segment": "SLV",
  "Description": "SLV - SBS NBM Silver",
  "Segment Group": "RTL",
  "Business Unit": "UNK",
  "Exclude WebTAXI Flag": null
 },
 {
  "Segment": "SPB",
  "Description": "SPB - SPEC BILLS NON-CWO HIGHWAY",
  "Segment Group": "RTL",
  "Business Unit": "PIA",
  "Exclude WebTAXI Flag": null
 },
 {
  "Segment": "SPH",
  "Description": "SPH - SPEC BILLS CWO HIGHWAY",
  "Segment Group": "RTL",
  "Business Unit": "PIA",
  "Exclude WebTAXI Flag": null
 },
 {
  "Segment": "SPP",
  "Description": "SPP - SPEC BILLS CWO JOINT POLE",
  "Segment Group": "RTL",
  "Business Unit": "PIA",
  "Exclude WebTAXI Flag": null
 },
 {
  "Segment": "SYS",
  "Description": "SYS - SYSTEM INTEGRATORS",
  "Segment Group": "RTL",
  "Business Unit": "MSP",
  "Exclude WebTAXI Flag": null
 },
 {
  "Segment": "TAF",
  "Description": "TAF - T Legacy Affiliate",
  "Segment Group": "RTL",
  "Business Unit": "MSP",
  "Exclude WebTAXI Flag": null
 },
 {
  "Segment": "TFY",
  "Description": "TFY - T Legacy Thrifty System",
  "Segment Group": "WHL",
  "Business Unit": "TWH",
  "Exclude WebTAXI Flag": null
 },
 {
  "Segment": "TGM",
  "Description": "TGM - Telegence GEM",
  "Segment Group": "RTL",
  "Business Unit": "TLD",
  "Exclude WebTAXI Flag": null
 },
 {
  "Segment": "TIS",
  "Description": "TIS - Telephone Industry Services",
  "Segment Group": "WHL",
  "Business Unit": "LSC",
  "Exclude WebTAXI Flag": null
 },
 {
  "Segment": "TLB",
  "Description": "TLB - Telegence Large Business",
  "Segment Group": "RTL",
  "Business Unit": "TLD",
  "Exclude WebTAXI Flag": null
 },
 {
  "Segment": "TPX",
  "Description": "TPX - APEX",
  "Segment Group": "WHL",
  "Business Unit": "TWH",
  "Exclude WebTAXI Flag": null
 },
 {
  "Segment": "TSB",
  "Description": "TSB - Telegence Small Business",
  "Segment Group": "RTL",
  "Business Unit": "TLD",
  "Exclude WebTAXI Flag": null
 },
 {
  "Segment": "TSC",
  "Description": "TSC - T Legacy Signature Client",
  "Segment Group": "RTL",
  "Business Unit": "MSP",
  "Exclude WebTAXI Flag": null
 },
 {
  "Segment": "TSI",
  "Description": "TSI - T Legacy System Integraters",
  "Segment Group": "WHL",
  "Business Unit": "TWH",
  "Exclude WebTAXI Flag": null
 },
 {
  "Segment": "TSM",
  "Description": "TSM - T Legacy Small Customers",
  "Segment Group": "WHL",
  "Business Unit": "TWH",
  "Exclude WebTAXI Flag": null
 },
 {
  "Segment": "TUK",
  "Description": "TUK - T Legacy Unknown",
  "Segment Group": "WHL",
  "Business Unit": "TWH",
  "Exclude WebTAXI Flag": null
 },
 {
  "Segment": "UNB",
  "Description": "UNB - Unbundling",
  "Segment Group": "WHL",
  "Business Unit": "LSC",
  "Exclude WebTAXI Flag": null
 },
 {
  "Segment": "UNK",
  "Description": "UNK-UNKNOWN",
  "Segment Group": "UNK",
  "Business Unit": "UNK",
  "Exclude WebTAXI Flag": null
 },
 {
  "Segment": "UNS",
  "Description": "UNS-Unassigned Peoria CFM ",
  "Segment Group": "RTL",
  "Business Unit": "PIA",
  "Exclude WebTAXI Flag": null
 },
 {
  "Segment": "VDN",
  "Description": "VDN - VDNASB",
  "Segment Group": "RTL",
  "Business Unit": "PIA",
  "Exclude WebTAXI Flag": null
 },
 {
  "Segment": "VTS",
  "Description": "VTS - T Legacy VTS System",
  "Segment Group": "WHL",
  "Business Unit": "TWH",
  "Exclude WebTAXI Flag": null
 },
 {
  "Segment": "WAW",
  "Description": "WAW Telegence Mob Wide Area Work Flow",
  "Segment Group": "RTL",
  "Business Unit": "MBL",
  "Exclude WebTAXI Flag": null
 }
]